00000000000000000000000000000000000000000000000000000000000000000000000000000000000000000000000000000000000000000000000000000000000000000000000000000000000000000000000000000000000000000000000000000000000000000000000000000000000000000000000000000000000000000000000000000000000000000000000000000000000000000000000000000000000000000000000000000000000000000000000000000000000000000000000000000000000000000000000000000000000000000000000000000000000000000000000000000000000000000000000000000000000000000000000000000000
00000000000000000000000000000000000000000000000000000000000000000000000000000000000000000000000000000000000000000000000000000000000000000000000000000000000000000000000000000000000000000000000000000000000000000000000000000000000000000000000000000000000000000000000000000000000000000000000000000000000000000000000000000000000000000000000000000000000000000000000000000000000000000000000000000000000000000000000000000000000000000000000000000000000000000000000000000000000000000000000000000000000000000000000000000000
00000000000000000000000000000000000000000000000000000000000100000000000000000000000000000000000000000000000000000000000000000000000000000000000000000000000000000000000000000000000000000000000000001000000000000000000000000000000000000000000000000000000000000000000000000000000000000000000000000000000000000000000000010000000010000000000000000000000000000000000000000000000000000000000000000000000000000000000000000000000000000000000000000000000000000000100000000000000000000000000000000000000000000000000000000000
00000000000000000000000000000000000000000000000000000000000010000000000000000000000000000010000000000000000000000000000000000000000000000000000000000000000000000000000000000000000000000000000000000000000000000000000000000000000000000000000010000000000000000000000000000010000000000000000000000000000000000000000000000000000000000000000000000000000000000000000000000000000000000000000000000000000000000000000000000000000010000000000000000000000000000000000000000000000000000000000000000000000000000000000000000000
00000000000000000000001000000000000000000000000000000000000000000000000000000000000000100000000000000000010000000000000000000000000000000000000000000010000000000000000000000000000000000000000000000000000000000000000000000000000000000100000000000000000000000000000000000000000000100000000000000000000000000000000000000000000000000000000000000000000000000000000001000000000000000000000000000000000000000000001000000000000000000100000000000000000000000000000000000000000000000000000000000000010000000000000000000000
00000000000000000000000001000000000000000000000000000000000100000000000000000000000000000000000000000000000000000000000000000001000000000000000000000000000000000000000000000000000100000000000000000000000000000000010000000000000000000000000000000000000000000000000000000000000000000000000000000000000100000000000000000000000000000000010000000000000000000000000000000000000000000000000001000000000000000000000000000000000000000000000000000000000000000000010000000000000000000000000000000001000000000000000000000000
00000010000000000000000000000000000000000000000000000000010000000000001000000000000000000000000000000000000000000000000001000000000000100000000000000000000000000000000000000000000000000100000000000010000000000000000000000000000000000000000000000000010000000000001000000000000000000000000000000000000000000000000000000000000000100000000000000000000000000000000000000000000000000100000000000010000000000000000000000000000000000000000000000000010000000000001000000000000000000000000000000000000000000000000001000000
00000000000000000000100000000000000000000000000000000010000000000000000000000000100000000000000000000000000000000010000000000000000000000000000000000000000010000000000000000000000000000000001000000000000000000000000010000000000000000000000000000000001000000000100000000000000000000000000000000010000000000000000000000000100000000000000000000000000000000010000000000000000000000000000000000000000010000000000000000000000000000000001000000000000000000000000010000000000000000000000000000000001000000000000000000000
00000000001000000000000000000000000000000000000000000100000000000000000000100000000001000000000000000000000000000000010000000000000000000010000000000000000000000000000000100000000001000000000000000000001000000000000000000000000000000000000000000100000000000000000000100000000000000000000000000000000000000000010000000000000000000010000000000100000000000000000000000000000001000000000000000000001000000000000000000000000000000010000000000100000000000000000000100000000000000000000000000000000000000000010000000000
01000000000000000000000000000001000100000000000000000000000000000000010000000000000000000000000000000001000000000000000000000000000000000100000000000000000000000000000000010000000001000000000000000000000001000000000000000000000000000000000100000000000000000000000000000000010000000000000000000000000000000001000000000000000000000001000000000100000000000000000000000000000000010000000000000000000000000000000001000000000000000000000000000000000100000000000000000000000000000000010001000000000000000000000000000001
00000000000000000000010000000000000000000010000000000100000000000000000000100000000001000000000000000000001000000000000000000000000000000000000000000100000000000000000000100000000001000000000000000000001000000000010000000000000000000010000000000000000000000000000000100000000001000000000000000000001000000000010000000000000000000010000000000100000000000000000000100000000000000000000000000000000000000000010000000000000000000010000000000100000000000000000000100000000001000000000000000000001000000000000000000000
00000000000100000000010000000000000000000100000000000000000000000000000000000001000000000000000000000000000001000001000000000000000100000000000000000000000001000100000000000000000000000000000100000001000000000000000001000000000001000000000000000000000000000000000000000000000000000001000000000001000000000000000001000000010000000000000000000000000000010001000000000000000000000000010000000000000001000001000000000000000000000000000001000000000000000000000000000000000000010000000000000000000100000000010000000000
00000000000100000000100000000000000000000001000000001000000000000000000000010000000010000000000000000000000100000000100000000000000000000001000000001000000000000000000000010000000010000000000000000000000000000000100000000000000000000001000000001000000000000000000000010000000010000000000000000000000100000000000000000000000000000001000000001000000000000000000000010000000010000000000000000000000100000000100000000000000000000001000000001000000000000000000000010000000010000000000000000000000100000000100000000000
00100000000000000000000000000000100000000000000000000000000000100000001000000000000000001000000000001000000000000000000000100000000000000010000000001000000000000000000010000000000000100000000000000000000000101000000000000000000000000000100000100000000000000000000000001000001000000000000000000000000000101000000000000000000000001000000000000010000000000000000000100000000010000000000000001000000000000000000000100000000000100000000000000000100000001000000000000000000000000000001000100000000000000000000000001000
00000000000000100100000000000000000000000000001001000000000000100000000000000010010000000000000000000000000000100100000000000000000000000000001001000000000000000000000000000010010000000000000001000000000000100100000000000000000000000000001001000000000000000000000000000010010000000000000000000000000000100100000000000010000000000000001001000000000000000000000000000010010000000000000000000000000000100100000000000000000000000000001001000000000000000100000000000010010000000000000000000000000000100100000000000000
00000000000010000010000010000000000000000000001010000000000000000000000010000000000000100000000000000000001000000000100000000000000010000000000000000000001000000000001000000000001000001000000010000000000000000000000000000010001000000000000000000000000010000010000000000000000000000000100010000000000000000000000000000010000000100000100000000000100000000000100000000000000000000010000000000000001000000000100000000000000000001000000000000010000000000000000000000010100000000000000000000010000010000010000000000000
00000000000100000000100000000000000010000001000000001000000000000000000000010000000010000001000000000000000100000000100000000000000000000001000000001000000000000000100000010000000010000000000000000000000100000000100000010000000000000001000000001000000000000000000000010000000010000001000000001000000100000000100000000000000000000001000000001000000100000000000000010000000010000000000000000000000100000000100000000000000010000001000000001000000000000000000000010000000010000001000000000000000100000000100000000000
00000010000000000000000010000000000010000000000010000000001000000010000000000000000000100000100010000000000000000000000000000010000000000000001010000000001000000000000000001000001000000000000000000000001000000000100000000000000000001000000000000010000010000010000010000000000000100000000000000000001000000000100000000000000000000000100000100000000000000000100000000010100000000000000010000000000000000000000000000010001000001000000000000000000010000000100000000010000000000010000000000010000010000000000010000000
00000000000010000001000000001000000100000000100000010000000000000000000000001000000100000000100000010000000010000001000000000000000000000000100000010000000000000001000000001000000100000000000000000000000010000001000000001000000100000000100000010000000000000000000000001000000100000000100000010000000010000001000000000000000000000000100000010000000010000000000000001000000100000000000000000000000010000001000000001000000100000000100000010000000000000000000000001000000100000000100000010000000010000001000000000000
10000000000000000000100000000010001000000000000000000010000010000000100000000000100000000010000000000010000000000000000010000000000000001000000000000010000010000000000000100000000010000000001000000000000010000010000010000000000000000000001010000000001000000000100000000010100000000000000000000010000010000010000000000000100000000010000000001000000000000010000010000000000000100000000000000010000000000000000010000000000010000000001000000000001000000010000010000000000000000000100010000000001000000000000000000010
00100000000001000010000000000100000000000000010000100000000001000010000000000100001000000000000000000000000001000010000000000100001000000000010000100000000000000000000000000100001000000000010000100000000001000010000000000000001000000000010000100000000001000010000000000100001000000000000000000000000001000010000000000100001000000000010000100000000000000000000000000100001000000000010000100000000001000010000000000000000000000000010000100000000001000010000000000100001000000000000000100000000001000010000000000100
00000010000010000010000000000000000010000000001010000000000000000010000010000000000000100000000010000000001000000000100000000010000010000000001000000000001000000000001000001000000000001000000010000000001000000000000000000010001000001000000000000000000010000010000000000000000000100000100010000000001000000000100000000010000000100000000000100000100000000000100000000000100000000010000010000000001000000000100000000010000000001000000000000010000010000000000000000010100000000010000000000000000010000010000010000000
00000001100000000000000110000000000000001000000000000001100000000000000110000000000000010000000000000001100000000000000110000000000000011000000000000001100000000000000010000000000000011000000000000001100000000000000100000000000000011000000000000001100000000000000110000000000000011000000000000000100000000000000110000000000000011000000000000001000000000000000110000000000000011000000000000001100000000000000110000000000000001000000000000001100000000000000110000000000000010000000000000001100000000000000110000000
00001000000000101000000000100000000000100000100000100000100000001000000000100000000010000000001000100000100000000000000000001000000000100000100000100000100000000000100000000010100000000000000000100000100000000000001000000000100000000010000000001000000000101000000000100000000010000000001000000000100000000000001000001000000000000000001010000000001000000000001000001000001000001000000000100000000000000000001000001000100000000010000000001000000000100000001000001000001000001000000000001000000000001000000000100000
01000000000000100100000000000010010000000000001001000000000000100100000000000010010000000000001001000000000000100100000000000010010000000000001001000000000000100100000000000010000000000000001001000000000000100100000000000010010000000000001001000000000000100100000000000010010000000000001001000000000000100100000000000010010000000000000001000000000000100100000000000010010000000000001001000000000000100100000000000010010000000000001000000000000000100100000000000010010000000000001001000000000000100100000000000010
00001000000000100000000000100000000000100000100000100000100000001000000000100000000010000000001000100000100000000000001000001000000000100000100000100000100000000000100000000010100000000000000000100000100000000000001000001000100000000010000000001000000000101000000000100000000010000000001000100000100000000000001000001000000010000000001010000000001000000000001000001000001000001000000000100000100000000000001000001000100000000010000000001000000000100000001000001000001000001000000000001000000000001000000000100000
00001000000100000000100000010000000010000001100000001000000100000000100000010000000010000001000000001000000100000000100000010000000010000001000000001000000100000000100000010000000010000001000000001000000100000000100000010000000010000001000000001000000100000000100000010000000010000001000000001000000110000000100000010000000010000001000000001000000100000000100000010000000010000001000000001000000100000000100000010000000010000001000000001000000100000000100000010000000110000001000000001000000100000000100000010000
00000100000000010100000000010000000000010000010000010000010000000100000000010000000001000000000100010000010000000000000100000100000000010000010000010000010000000000010000000001010000000001000000010000010000000000000100000100010000010001000000000100000000010100000000010000000001000100000100010000010000000000000100000100000001000000000101000000000100000000000100000100000100000100000000010000010000000000000100000100010000000001000000000100000000010000000100000100000100000100000000000100000000010100000000010000
00000010010000000000001001000010000000100100000000000010010000000000001001000000000000100100000001000010010000000000001001000000000000100100000000000010010000100000001001000000000000100100000000000010010000000000001001000000010000100100000000000010010000000000001001000000000000100100001000000010010000000000001001000000000000100100000000000010010000000100001001000000000000100100000000000010010000000000001001000000000000100100000000000010010000000000001001000000000000100100000001000010010000000000001001000000
01000000000101000000010000000001000100000100000000000001000001000000010000000001010000000001000000000001000101000001000001000000000100000100000000000001000001000100000100010000000001000000000101000001000001000001000001000000000001000000000101000000000100000000010000000001010000000001000000000001000001000001000001000001010000000001000000000100010000010001000001000000000000010000010000000001000001000001010001000000000001000000000101000000000100000001000001000000000000010000010001000000000100000001010000000001
00000010010000000000001001000000000000100100000001000010010000000000001001000010000000100100000000000010010000000100001001000000000000100100001000000010010000000000001001000000010000100100000000000010010000100000001001000000000000100100000000000010010000000000001001000010000000100100000000000010010000000100001001000000000000100100001000000010010000000000001001000000010000100100000000000010010000100000001001000000000000100100000001000010010000000000001001000010000000100100000000000010010000000000001001000000
00000001000101000001000001000000000001000100000101000000000100000001000001000000000000010000010001000000000101000000010000000001000101000000000101000000000100000100000100000100000100000100000001000001000100000000010000000001000101000100000000000001000001000001000001000000000000010000010001000000000100000000010001000001000000010000010000010000010000010000010000000001010000000001010001000000000100000001010000000001000100000100000000000001000001000000010000000001010000010001000000000001000001000001010001000000
00010000000010000001100000001000000100000001100000010000000010000001000000001000000110000000100000010000000110000001000000001000000100000001100000011000000010000001000000011000000100000000100000010000000010000001100000001000000100000001100000010000000010000001000000001000000110000000100000010000000110000001000000001000000100000000100000011000000010000001000000011000000110000000100000010000000010000001100000001000000100000001100000010000000010000001000000001000000110000000100000010000000110000001000000001000
00100000100000100000001000001000100000000010100000001000000000100000001000101000001000001000000000001000100000101000000000100000100000100010000000001000000000100010100010000000000000100010100000101000000000101000000000100000100000100000100000100000100000000000001000001000001000001000001000001000000000101000000000101000001010001000000000000010001010001000000000100000000010001000001000001000000000101000001000100000000000100000100000101000100000001000000000100000001010000000001000100000100000001000001000001000
00000010010000000100001001000000000000100100001001000010010000000000001001000010010000100100000000000010010000100000001001000000000000100100000001000010010000000000001001000010010000100100000000000010010000100100001001000000000000100100001000000010010000000000001001000000010000100100000000000010010000100000001001000000000000100100001001000010010000000000001001000010000000100100000000000010010000000100001001000000000000100100001001000010010000000000001001000010010000100100000000000010010000100000001001000000
00000001000101000001010001000000000001000100000101000000000100000001000001000001000000010000010001000000000101000001010000000001000101000000000101000000000100000100000100000100000100000100000101000001000100000000010001000001000101000100000000000001000001000001000001000000000000010001010001000001000100000000010001000001000000010000010000010000010000010000010000000001010000000001010001000000000101000001010000000001000100000100000001000001000001000000010000000001010000010001000000000001000101000001010001000000
00100100001000000000010000100100001001000010000000000100001001000000010000100000000001000010010000100100001000000000010000100100001001000010000000000100001001000010010000100000000001000010000000100100001000000000010000100100001001000010000000000100001001000010010000100000000001000010010000100100001000000000010000100100000001000010000000000100001001000010010000100000000001000010010000100100001000000000010000100100001001000010000000000100001000000010010000100000000001000010010000100100001000000000010000100100
00000001000101000001010001000000000001000100000101000000000100000001000001000001010000010000010001000000000101000001010000000001000101000000000101000000000100000100000100000100000100000100000101000001000100000000010001000001000101000100000000000001000101000001010001000000000000010001010001000001000100000000010001000001010000010000010000010000010000010000010000000001010000000001010001000000000101000001010000000001000100000100000101000001000001000000010000000001010000010001000000000001000101000001010001000000
00001000000110000001100000010000000010000001100000011000000100000000100000011000000110000001000000001000000110000001100000010000000010000001100000011000000100000000100000011000000110000001000000001000000110000001100000010000000110000001100000011000000100000000100000011000000110000001100000001000000110000001100000010000000010000001100000011000000100000000100000011000000110000001000000001000000110000001100000010000000010000001100000011000000100000000100000011000000110000001000000001000000110000001100000010000
00100000100000101000001000001000100000000010100000101000000000100000001000101000001010001000000000001000100000101000001000100000100000100010000000001000100000100010100010000000000000100010100000101000000000101000000000101000100000100000100000100000100000101000001000001000001000001000001000101000000000101000000000101000001010001000000000000010001010001000001000100000000010001000001000001000100000101000001000100000000000100010100000101000100000001000000000101000001010000000001000101000100000101000001000001000
10000001100000011000000010000001100000010000000110000000100000011000000100000001100000001000000110000001000000011000000110000001100000011000000110000000100000011000000100000001100000001000000110000001000000011000000010000001100000010000000110000001100000011000000110000001100000001000000110000001000000011000000010000001100000010000000110000000100000011000000100000001100000001000000110000001100000011000000010000001100000010000000110000000100000011000000100000001100000001000000110000001000000011000000110000001
01000001000001000001000001000001000101000000000101000000000101000001010001000000010000010001010001000001000100000000010001000001000001000100000101000001000101000000000100010100000101000100000001000000000101000001010000000001000100000100000101000001000101000001010001000001010000010000010001000000000101000001010000000001000000010001010000010100010000000001010001000001010000010001000001000001000100000000010001000001000101000100000100000001000101000001010000000001010000000001010001000001000001000001000001000001
00001000000110000001100000011000000110000001100000011000000100000000100000011000000110000001000000011000000110000001100000010000000010000001100000011000000110000000100000011000000110000001000000001000000110000001100000011000000110000001100000011000000100000000100000011000000110000001100000011000000110000001100000010000000010000001100000011000000100000001100000011000000110000001000000001000000110000001100000011000000010000001100000011000000100000000100000011000000110000001100000011000000110000001100000010000
01000001000001000001010001000001000101000000000101000001000101000001010001000000010000010001010001000001000100000000010001000001000001000100000101000001000101000000000100010100000101000100000001000000000101000001010000000001000100000100000101000001000101000001010001000001010000010000010001000000000101000001010000000001010000010001010000010100010000000001010001000001010000010001000001000001000100000000010001000001000101000100000100000001000101000001010001000001010000000001010001000001000101000001000001000001
00100100001000000010010000100100001001000010010000000100001001000010010000100000001001000010010000100100001001000000010000100100001001000010000000100100001001000010010000100100000001000010010000100100001000000010010000100100001001000010010000000100001001000010010000100000001001000010010000100100001001000000010000100100001001000010000000100100001001000010010000100100000001000010010000100100001000000010010000100100001001000010010000100100001001000010010000100000001001000010010000100100001001000000010000100100
00100000100000101000001000101000100000000010100000101000100000100000001000101000001010001000001000001000100000101000001000101000100000100010000000101000100000100010100010000000100000100010100000101000000000101000001000101000100000100000100000101000100000101000001000101000001000001000001000101000100000101000000000101000001010001000001000000010001010001000001000101000000010001000001000101000100000101000001000101000100000100010100000101000100000001000001000101000001010000000001000101000100000101000001000001000
00011000000110000001100000011000000110000001000000011000000110000001100000011000000010000001100000011000000100000001100000011000000110000001100000011000000110000001100000010000000110000001100000011000000110000000100000011000000110000001100000011000000110000001100000011000000110000001100000011000000100000001100000011000000110000001100000001000000110000001100000011000000110000001100000011000000110000000100000011000000110000001000000011000000110000001100000011000000010000001100000011000000110000001100000011000
00010100010000000100000100010100010000010001000000010100010000010100000100010100000101000100000100010100000000010100000100010100010000010001010000010100010000010001000001000001010000010001010000000100010000010100000100010100010000010001010000010100010000010100000100010100000101000100000100010100010000010100000100010000000101000100000101000001000001000100000100010100000101000100000100010100010000010100000000010100010000010001010000010100010000010100000100010100000001000100000100010100010000010000000100010100
00011000000110000001100000011000000110000001100000011000000110000001100000010000000110000001100000011000000110000001100000011000000110000001100000011000000110000001100000011000000010000001100000011000000100000001100000011000000110000001100000011000000110000001100000011000000110000001100000011000000110000001100000011000000110000001000000011000000110000001100000011000000110000001100000011000000110000001100000011000000110000001100000001000000110000001100000011000000110000001100000011000000110000001100000011000
10000010001010000010100010000010001010001000001010000010001010000010100010000010100000100010100000000010001010000010100010000010001010001000001010000010001010001000001000101000001010001000001010000010000010000010100010000010001010001000001010000010001010000010100010000010100000100010100010000010001010000010000010000010100000100010100000001000100000100010100010000010100000100010100010000010001010000010100010000000001010001000001010000010001010000010100010000010100000100010100010000010001010000010100010000010
01000010010000100100001001000010010000100100001001000010010000100100001001000010010000100100001001000010010000100100001001000010010000100100001001000010010000100100001001000010010000100100001001000010010000100100001001000010010000100100001001000010010000100100001001000010010000100100001001000010010000100100001001000010010000100100001001000010010000100100001001000010010000100100001001000010010000100100001001000010010000100100001001000010010000100100001001000010010000100100001001000010010000100100001001000010
01000001000101000001010001000001000101000100000101000001000101000001010001000001010000010001010001000001000101000001010001000001000101000100000101000001000101000100000100010100000101000100000101000001000101000001010001000001000101000100000101000001000101000001010001000001010000010001010001000001000101000001010001000001010000010001010000010100010000010001010001000001010000010001010001000001000101000001010001000001000101000100000101000001000101000001010001000001010000010001010001000001000101000001010001000001
00011001000110000001100000011000000110000001100000011000000110000001100000011000000110000001100000011000000110000001100010011000000110010001100000011000000110000001100000011000000110000001100000011000000110000001100000011000000110000001100000011000000110000001100000011000000110000001100000011000000110000001100000011000000110000001100000011000000110000001100000011000000110001001100000011001000110000001100000011000000110000001100000011000000110000001100000011000000110000001100000011000000110000001100010011000
00101000100000101000001000101000100000100010100000101010100000101000001000101000101010001000001000101000100000101000001000101000100000100010100000101000100000100010100010000010100000100010100000101000100000101000001000101000100000100010100000101000101000101000101000101000001010001000001000101000100000101000001000101000001010001000001010000010001010001000001000101000001010001000001000101000100000101000001000101000100000100010101000101000100000101000001010101000001010001000001000101000100000101000001000101000
00011000000110000001100100011000000110001001100000011000000110000001100000011000000110010001100000011000000110000001100000011000000110000001100000011000000110000001100010011000000110000001100000011000000110000001100100011000000110000001100000011000000110000001100000011000000110000001100000011000100110000001100000011000000110000001100000011001000110000001100000011000000110000001100000011000000110000001100000011000000110001001100000011000000110000001100000011000000110010001100000011000100110000001100000011000
01010100010000010100000100010100010000010001010000010100010000010100010100010100000101000100000100010101010000010100000100010100010000010001010000010100010000010001010001010001010000010001010000010100010001010100000100010100010000010001010100010100010000010100000100010100010101000100000100010100010000010101000100010100000101000100000101000101000101000100000100010100000101000100000100010100010000010100000101010100010000010001010000010100010000010100000100010100000101000100000100010100010000010100000100010101
10011000000110000001100000011000000110000001100000011000000110011001100000011000000110000001100000011000000110000001100000011001000110000001100000011000000110000001100000011000000110000001100110011000000110000001100000011000000110000001100000011000000110011001100000011000000110000001100000011000000110000001100000011001100110000001100000011000000110000001100000011000000110000001100110011000000110000001100000011000000110000001100000011000000110011001100000011000000110000001100000011000000110000001100000011001
01000001000101000001010101000001000101000100000101000101000101000001010001000001010100010001010001000001000101000101010001000001000101000100000101000001000101010100000100010100000101000100010101000001000101000001010001010001000101000100000101000001010101000001010101000001010000010001010001000001000101000001010001000001010100010001010000010100010000010101010001000001010000010001010001000001000101010001010001000001000101000100010101000001000101000001010001010001010000010001010001000001010101000001010001000001
00100100011001000010011000100100001001000110010000100100001001000010010000100100001001100010010000100100011001000010010000100100001001000110010000100110001001000010010001100100001001000010010000100100001001000010011000100100001001000110010000100110001001000010010001100100001001100010010000100100011001000010010000100100001001000010010000100110001001000010010001100100001001000010010000100100001001000010011000100100001001000110010000100100001001000010010000100100001001100010010000100100011001000010011000100100
00010100010100010100000100010100010000010101010000010100010000010100000100010101000101000100000100010100010001010101000100010100010100010001010000010100010000010101010001000001010000010001010000010101010000010100000101010100010001010001010000010100010000010100000100010100000101000101000100010101010000010100000101010100000101000100000101000001000101010100000100010100000101000100010100010100010001010101000100010100010000010001010001010100010000010100000100010100000101010100000100010100010000010100010100010100
01000010010000100100001001100010010001100100001001000010011000100100011001000010010000100110001001000110010000100100001001000010010000100100001001000010011000100100011001000010010000100110001001000110010000100100001001100010010001100100001001000010011000100100011001000010010000100110001001000110010000100100001001100010010001100100001001000010011000100100011001000010010000100100001001000010010000100100001001100010010001100100001001000010011000100100011001000010010000100110001001000110010000100100001001000010
10101000100000101000001000101010100000100010100000101000100010101000001000101000001010001010001000101010100000101000001010101000100000100010100000101010100000100010100010100010100010100010100000101000100010101010001000101000100000100010100010101000100000101000001000101010001010001000001000101000100010101010001000101000001010001010001010001010001010001000001010101000001010001000001000101010100000101000001010101000100010100010100000101000100000101010001000101000001010001000101010101000100000101000001000101010
00011000100110000001100100011000000110001001100000011001000110000001100010011000000110010001100000011000000110000001100100011000000110001001100000011001000110000001100010011000000110010001100000011000100110000001100100011000000110001001100000011001000110000001100010011000000110010001100000011000100110000001100100011000000110001001100000011001000110000001100010011000000110010001100000011000100110000001100100011000000110001001100000011001000110000001100010011000000110010001100000011000100110000001100100011000
00101000100010101010001000101000100000100010101010101000100000101000001010101000001010101000001000101000101000101000101000101000100010100010100000101000101000100010101010000010100000101010100010101000100000101000001000101010101000100010100000101000100010101010001000101000001010001000101010101000100000101000001000101010001010101000001010000010101010001000101000101000001010001010001000101000101000101000101000101000100000101010100000101010100000101000001000101010101010001000001000101000100010101000001000101000
01000010010001100110001001000110010000100100011001100010010000100100001001000110011000100100001001000010010001100110001001000010010000100100011001100010010000100100001001000110011000100100001001000010010001100110001001000010011000100100011001100010010000100100001001000110011000100100011001000010010001100110001001000010010000100100011001100010010000100100001001000110011000100100001001000010010001100110001001000010010000100100011001100010010000100100001001000110011000100100001001100010010001100110001001000010
00101000100010101010001000101000100000100010101010101000100000101010001010101000001010101000001000101000101000101000101000101000100010100010100000101000101000100010101010000010100000101010100010101000100000101000001000101010101000101010100000101000100010101010001000101000001010101000101010101000100000101000001000101010001010101000001010000010101010001000101000101000001010001010001000101000101000101000101000101000100000101010100000101010100010101000001000101010101010001000001000101000100010101010001000101000
01000110010000100100001001100010010001100110001001000010011000100100011001000010010001100110001001000110010000100100001001100010010001100100001001000010011000100100011001100010010000100110001001000110010000100100011001100010010001100100001001000010011000100100011001000010010001100110001001000110011000100100001001100010010001100100001001000110011000100100011001000010010000100110001001000110010000100100001001100010010001100110001001000010011000100100011001000010010001100110001001000110010000100100001001100010
00101000101000101000101000101010100000101010100000101010100000101000001000101010101010001000001000101000100010101010001010101000101000100010100000101000100010101010100010000010100010100010101000101010100000101010001010101000100010100010100000101000101000101000101000101000001010001010001000101010100010101000001010101000101010001010001010000010001010101010001000101000001010001000101000101010100010101010001000101000100010100010101010101000100000101000001010101000001010101000001010101000101000101000101000101000
10011000000110011001100000011000000110000001100110011000000110011001100000011001100110000001100000011000000110011001100000011001100110000001100110011000000110000001100000011001100110000001100010011000000110011001100000011000000110000001100110011000000110011001100000011001100110000001100000011000000110011001100000011001000110000001100110011000000110000001100000011001100110000001100110011000000110011001100000011000000110000001100110011000000110011001100000011001100110000001100000011000000110011001100000011001
01000101000101010101010001000001000101000100010101010001000101000101010001010001010001010001010001010001010101000001010101000001000101010100010101000001010101000100010100010101000101000101000101010001010101000001010001000101010101000101000101000001000101010101010001000001010001010001010101010001000101000001010101000101010001010001010001010100010100010001010101000001010100010101010001000001010101000001010101000101000101000101000101000101000101010001010001000101010100010001010001000001000101010101010001010001
01100010010001100100001001000110011000100100001001100010010001100110001001000110010000100100011001100010010000100110001001000110011000100100011001100010010001100110001001000010011000100100011001100010010001100100001001000110011000100100001001100010010001100110001001000110010000100100011001100010010000100110001001000110011000100100011001000010010001100110001001000110011000100100011001100010010001100110001001000110011000100100001001100010010001100110001001000110010000100100011001100010010000100110001001000110
10101000101000101000001000101010101000101010100000101010100010101000101000101010001010001010001000101010100010101000001010101000101000101010100000101010100010101010100010100010100010100010100000101010100010101010001000101000100010100010101010101000100000101000001000101010101010001010001000101000100010101010001010101000001010001010001010001010001010101010001010101000001010101000101000101010100000101010001010101000100010100010100010101000101000101010001000101000001010101000101010101000100000101000101000101010
01100010010001100110001001000110011000100100011001100010010000100100001001000110011000100100011001100010010001100110001001000110011000100100011001100010010001100110001001000110011000100100001001000010010001100110001001000110011000100100011001100010010001100110001001000110011000100100011001100010010001100110001001000110010000100100011001100010010001100110001001000110011000100100011001100010010001100110001001000110011000100100011001100010010000100100001001000110011000100100011001100010010001100110001001000110
01010001010101000001010101000001010101000101000101000101000101010001010101000101010100010101010001000101000101010101010001000001010101000101000101000101000101010101000101010100000101000100010101000101000101010001010001010001000101010100010101010001010101000001010101000101010100010101010001000101000101000101010001010001010100010001010000010101010001010101010001010001010001010001010101000001000101010101010001010001000101010100010101010001010101000101010001010001010001010001010101000001010101000001010101000101
01000010010001100110001001000110011000100100011001100010010001100110001001000110011000100100011001100010010001100110001001000110011000100100011001100010010001100110001001000110011000100100011001100010010001100110001001000110011000100100011001100010010001100110001001000110011000100100011001100010010001100110001001000110011000100100011001100010010001100110001001000110011000100100011001100010010001100110001001000110011000100100011001100010010001100110001001000110011000100100011001100010010001100110001001000010
00010101010001010101000100010100010001010001010101010100010100010101000101010100000101010100010101010100010100010100010100010101010001010001010101010100010100010001010101000101010100010101010001010100010100010100010100010101010100010101010000010101010001010101000101010100000101010100010101010100010100010100010100010101000101010100010101010001010101000100010100010101010101000101000101010100010100010100010100010101010100010101010000010101010001010100010100010101010101000101000100010100010001010101000101010100
01100010010001100110001001000110011000100110011001100010010001100110001001000110011000100100011001100010010001100110001001000110011000100100011001100010010001100110001001000110011000100100011001100010010001100110001001000110011000100100011001100010010001100110001001000110011000100100011001100010011001100110001001000110011000100100011001100010010001100110001001000110011000100100011001100010010001100110001001000110011000100100011001100010010001100110001001000110011001100100011001100010010001100110001001000110
00101010100010101010001010101000100010100010101010101000101000101010001010101000001010101000101010101000101000101000101000101010100010100010101010101000101000100010101010001010101000101010100010101010101000101000101000101010101000101010100000101010100010101010001010101000001010101000101010101000101000101000101010101010001010101000101010100010101010001000101000101010101010001010001010101000101000101010101000101010101000101010100000101010100010101000101000101010101010001010001000101010100010101010001010101000
10011001100110000001100110011000000110011001100000011001100110000001100110011000000110011001100000011001100110000001100110011001100110011001100000011001100110000001100110011000000110011001100000011001100110000001100110011000000110011001100000011001100110011001100110011000000110011001100000011001100110000001100110011000000110011001100000011001100110000001100110011000000110011001100110011001100110000001100110011000000110011001100000011001100110000001100110011000000110011001100000011001100110000001100110011001
10100010101010001010101010001010101010001010001010001010001010100010101010001010101000101010100010001010001010101010101010100010101010001010001010001010001010101010001010101000001010101010101010001010001010101010100010101010001010101000101010100010101010000010101010001010101000101010100010101010001010101010100010100010101010101010100000101010100010101010100010100010100010100010101010001010101010101010100010100010001010101000101010100010101010001010100010100010100010100010101010100010101010100010101010001010
10010001100110011001000110001001100100011000100110011001100010011001000110011001100100011000100110010001100010011001100110001001100100011001100110010001100010011001000110001001100100011000100110010001100110011001000110001001100100011000100110011001100010011001000110011001100100011000100110010001100010011001100110001001100100011000100110010001100010011001000110001001100110011000100110010001100110011001000110001001100100011000100110010001100010011001000110011001100100011000100110010001100010011001100110001001
01010101010100010100010100010101010101010101010000010101010001010101010100010101010101000101000101010101010001010101000101010100010100010101010000010101010001010101010001010101010001010001010100010101010101010101000101010100010001010101010101010100010100010100010100010101010101010101000100010101010001010101010101010100010101000101000101010101000101010101000101010100000101010100010100010101010001010101000101010101010001010001010101010100010101010101000101010100000101010100010101010100010100010100010101010101
01100110010001100110001001000110011000100100011001100010011001100110011001000110011000100100011001100010010001100110001001100110011001100100011001100010010001100110001001000110011000100110011001100110010001100110001001000110011001100100011001100010011001100110011001000110011000100110011001100010010001100110001001100110011001100100011001100010010001100110001001000110011000100110011001100110010001100110001001000110011000100100011001100010011001100110011001000110011000100100011001100010010001100110001001100110
10101010101010000010101010101010101010101010001010001010001010101010101010001010101000101010100010101010001010101010100010100010101010001010101010001010001010101010001010101010001010101000101010001010101010101010100010100010001010101010101010100010101010000010101010001010101010101010100010001010001010101010101010100010101000101010100010101010100010101010100010100010101010100010101010001010001010101010100010101010001010101000101010100010101010101010100010100010100010101010101010101010101010000010101010101010
10010001100110011001100110001001100100011001100110010001100010011001000110001001100110011000100110010001100110011001100110001001100100011001100110011001100010011001000110011001100100011000100110010001100010011001100110001001100100011001100110010001100010011001000110011001100110011000100110010001100110011001000110001001100100011000100110011001100010011001000110011001100110011000100110010001100110011001100110001001100100011001100110010001100010011001000110001001100110011000100110010001100110011001100110001001
10101000101010101010101000101010101000101010101000101010100010101000101010101010101010001010001000101010101010101010101010101000101010101010100000101010100010101010101010100010100010101010101010101010100010101010001010101010101010100010101010101000101000101000101000101010101010001010101000101010100010101010001010101010101010101010001010001010101010101010001010101000001010101010101000101010101010101010101010101000100010100010101010101010101000101010001010101000101010101000101010101000101010101010101000101010
00100110011001000110011001100100001001100110011001100110011001000010011001100110011001100110010000100110011001100110011001100100001001100110011001100110011001000010011001100110011001100110010000100110011001100110011001100100001001100110011000100110011001000010011001100100011001100110010000100110011001100110011001100100001001100110011001100110011001000010011001100110011001100110010000100110011001100110011001100100001001100110011001100110011001000010011001100110011001100110010000100110011001100010011001100100
01010101010001010101000101010101010101010001010101010100010101010101010101010100000101010101010101010100010100010100010101010101010001010101010101010101010100010001010101010101010101010101010001010100010100010101010100010101010100010101010101010101010001010101000101010101010101010100010101010100010101010100010100010101000101010101010101010101010101000100010101010101010101010101000101010101010100010100010100010101010101010101010000010101010101010101010100010101010101000101010101010101010001010101000101010101
01100110011001100110010001100110011001100010011001100100011001100110011000100110011001000110011001100110001001100110010001100110011001100010011001100100011001100110011000100110011001000110011001100110001001100110010001100110011001100010011001100100011001100110011000100110011001000110011001100110001001100110010001100110011001100010011001100100011001100110011000100110011001000110011001100110001001100110010001100110011001100010011001100100011001100110011000100110011001000110011001100110001001100110011001100110
01010101010001010101000101010101010101010001010101010100010101010101010101010100000101010101010101010101010100010100010101010101010001010101010101010101010100010001010101010101010101010101010001010100010101010101010100010101010100010101010101010101010001010101000101010101010101010100010101010100010101010101010100010101000101010101010101010101010101000100010101010101010101010101010101010101010100010100010101010101010101010101010000010101010101010101010100010101010101000101010101010101010001010101000101010101
01100010011001100110011001100110011000100110011001100110010001100110001001100110011001100100011001100110011001100110011001000110011000100110011001100110011001100110001001100110011001100100011001100010011001100110011001000110011000100110011001100110010001100110001001100110011001100100011001100010011001100110011001000110011000100110011001100110010001100110011001100110011001100100011001100010011001100110011001100110011000100110011001100110010001100110001001100110011001100100011001100110011001100110011001000110
10101010001010101010101010101010101010101000101010100010101010101010101010100010100010101010101010101010101010000010101010101010001010101010101010101010101010001000101010101010101010101010101010100010101010101010101010101010101010001010101010101010001010101010100010101010101010100010101010101010101010101010101010001010101010101010101010101010101000100010101010101010101010101010100010101010101010000010101010101010101010101010001010001010101010101010101010001010101000101010101010101010101010101010100010101010
01100110011000100110011001100110011001100110001001000110011001100110011001100010010001100110011001100110011001100100011001100110011001100110001001100110011001100110011001100110010001100110011001100110011000100100011001100110011001100110011001000110011001100110011001100010011001100110011001100110011000100100011001100110011001100110001001100110011001100110011001100110010001100110011001100110011000100110011001100110011001100110011001000110011001100110011001100010010001100110011001100110011001100100011001100110
10001010101010101010101010101010001010101010101010101010101010101010100010101010101010101010101010100010101010101010101010001010101010101000101010101010101010101010101000101010101010001010101010101010101010000010101010101010101010101010001010101010101010101010101010101010100010101010101010101010101010000010101010101010101010101010101010101000101010101010101010101010101000101010101010100010101010101010101010001010101010101010101010101010001010101010101010101010101010101010100010101010101010101010101010100010
01100110011000100110011001100110011001100110011001000110011001100110011001100010011001100110011001100110011001100100011001100110011001100110001001100110011001100110011001100110010001100110011001100110011000100110011001100110011001100110011001000110011001100110011001100010011001100110011001100110011001100100011001100110011001100110001001100110011001100110011001100110010001100110011001100110011000100110011001100110011001100110011001000110011001100110011001100010011001100110011001100110011001100110011001100110
01010101010101010100010101010101010101010101010100010101010101010101010101010101010101000101010101010101010101010101000101010101010101010101010101010101010001010101010101010101010101010001010101010101010101010101010101010100010101010101010101010101010100010100010101010101010101010101010100010101010101010101010101010101010101000101010101010101010101010101000101010101010101010101010101010101010001010101010101010101010101010001010101010101010101010101010101010100010101010101010101010101010100010101010101010101
01100110011001100110011001100010010001100110011001100110011001100110011001100110011001100110011001000110011001100110011001100110011001100110011001100110011000100110011001100110011001100110011001100110011001100110011001100110010001100110011001100110011001100110011001100110011001100110001001000110011001100110011001100110011001100110011001100110011001100100011001100110011001100110011001100110011001100110011001100010011001100110011001100110011001100110011001100110011001100110001001000110011001100110011001100110
10101010101010101010101010101010101010101010001010101010101010101010101010001010101010101010101010101010101010101010101010101010101010001010101010101010101010101010001010101010101010101010101010101010101010101010101010101010001010101010101010101010101010101010101010101010101010101010100010101010101010101010101010101010101010101010101010101010100010101010101010101010101010100010101010101010101010101010101010101010101010101010101010100010101010101010101010101010100010101010101010101010101010101010101010101010
01100110011001100110011001100110011001100110011001100110011001100110010001100110011001100110011001100110011001100110011001100110011001100110011001100110011001100110011001100110011001100010011001100110011001100110011001100110011001100110011001100110011001100110011001100110011001100110011001100110011001100110011000100110011001000110011001100110011001100110011001100110011001100110011001100110011001100110011001100110011001100110011001100110001001100110011001100110011001100110011001100110011001100110011001100110
10101010101010101010101010101010101010101010101010101010101010101010100010101010101010101010101010101010101010101010101010101010101010101000101010101010101010101010101010101010101010101010101010101010101010101010101010101010101010101010001010101010101010101010101010101010100010101010101010101010101010101010101010101010101010101010101010101010101010101010101010101010101010101010101010101010101010101010101010101010101010101010101010101010001010101010101010101010101010101010101010101010101010101010101010101010
10011001100110011001100110011001100110011001100110011001100110011001100110011001100110011001100110011001100110011001100110011001100110011001100110011001100110011001100110011001100110011001100110011001100110011001100110011001100110011001100110011001100110011001100110011001100110011001100110011001100110011001100110011001100110011001100110011001100110011001100110011001100110011001100110011001100110011001100110011001100110011001100110011001100110011001100110011001100110011001100110011001100110011001100110011001
01010101010101010101010101010101010101010101010101010101010101010101010101010101010101010101010101010101010101010101010101010101010101010101010101010101010101010101010101010101010101010101010101010101010101010101010101010101010101010101010101010101010101010101010101010101010101010101010101010101010101010101010101010101010101010101010101010101010101010101010101010101010101010101010101010101010101010101010101010101010101010101010101010101010101010101010101010101010101010101010101010101010101010101010101010101
01100110111001100110011001100110011001100110011001100110011001100110011001100110011001100110011001100110011001100110011001100110011001101110011001100110011001100110011001100110011001100110011001100110011001100110011001100110011001100110011001100111011001100110011011100110011001100110011001100110011001100110011001100110011001100110011001100110011001100110011001100110011001100110011001100110011001100110011001100110011001100110011001100110011001100110011001100110011001100110011001100110011001100110011101100110
10101010101010101010101010101010101010101010101010101010101010101010101010101010101010101010101010101010101010101010101110101010101010101010101010101010101010101010101010101010101010101011101010101010101010101010101010101110101010101010101010101010101010101010101010101010101010101010101010111010101010101010101010101010101010101010101010101010101010101010101010101010101010101010101010101010111010101010101010101010101010101010101010101010101010101010101010101010101010101010101010101010101010101010101010101010
10011001100110011001100110011001100110011001100110011001100111011011100110011001100110011001100110011001100110011001100110011001101110011001100110011001100110011001100110011001100110011001110110111001100110011001100110011001100110011001100110011001100110011001100110011001100110011001100110011001100110011001100110011101101110011001100110011001100110011001100110011001100110011001110110011001100110011001100110011001100110011001100110011001100111011011100110011001100110011001100110011001100110011001100110011001
10101010101010101010101110101010101010101010101010101010101010101010101010101010101010101010101010101010101010101110101010101010101010101010101010101010101010111010101010101010101010101010111010101010101010101010101010111010101010101010101010101010101010101010101010101010101010101010101010101110101010101010101010101010101110101010101010101010101010101110101010101010101010101010101010101010101010111010101010101010101010101010101010101010101010101010101010101010101010101010101010101010111010101010101010101010
11011001100110011001100110011001100110011001100110011001100110111101100110011001100110011001100110011001100110011001100110011011110110011001100110011001100110011001100110011001100110011001101111011001100110011001100110011001100110011001100110011001100110111101100110011001100110011001100110011001100110011001100110011011110110011001100110011001100110011001100110011001100110011001101111011001100110011001100110011001100110011001100110011001100110111101100110011001100110011001100110011001100110011001100110011011
01010101010101010111010101010101010101010101010101010101010101010101010101010101010101110101010101010101010101010101110101010101010101010101010101010101011101010101010101010101010101011101010101010101010101010101010101010111010101010101010101010101010111010111010101010101010101010101010111010101010101010101010101010101010101110101010101010101010101010101110101010101010101010101010101010101011101010101010101010101010101011101010101010101010101010101010101010111010101010101010101010101010111010101010101010101
01100110011001100110111001100110011001100111011001100110011001100110011001110110011011100110011001100110011101100110011001100110011001100110011001101110011001100110011001110110011011100110011001100110011101100110111001100110011001100111011001100110011001100110011001100110011011100110011001100110011101100110011001100110011001100111011001101110011001100110011001110110011001100110011001100110011001100110111001100110011001100111011001101110011001100110011001100110011011100110011001100110011101100110011001100110
01010101010101010101010101110101010101010101010101010101110101011101010101010101010101010101011101010101010101010101010101011101010101010101010101110101010101010101010101010101110101010101010101010101010101010101011101010101010101010111010101011101010101010101010101110101010111010101010101010101110101010101010101010101010101010101011101010101010101010101010101011101010101010101010101110101010101010101010101010101110101010101010101010101010101110101011101010101010101010101010101011101010101010101010101010101
10011001110110011001101110011001100110011001100110011011100110011001100111011001100110011001100110011001110110011001101110011001100110011101100110011011100110011001100110011001100110111001100110011001110110011001101110011001100110011101100110011011100110011001100111011001100110111001100110011001110110011001101110011001100110011101100110011001100110011001100111011001100110111001100110011001110110011001101110011001100110011001100110011011100110011001100111011001100110011001100110011001110110011001101110011001
10101010101110101010101010101010101010101110101010101011101010101010101010101011111010101010101010101010101011101010101010101010101110101010101010101010101011101110101010101010101010101010101110101011101010101010101010101010101011101010101010101010101110101010111010101010101010101011101010101010101010101010101011101010111010101010101010101010101010111011101010101010101010101010111010101010101010101011101010101010101010101010101111101010101010101010101011101010101010111010101010101010101010101010111010101010
10011011100110011001100111011001100110111001100110011001110110011001101110011001100110011001100110011011100110011001100111011001100110111001100110011001110110011001101110011001100110011101100110011011100110011001100111011001100110111001100110011001110110011001101110011001100110011101100110011011100110011001100111011001100110111001100110011001110110011001101110011001100110011101100110011011100110011001100111011001100110011001100110011001110110011001101110011001100110011101100110011011100110011001100111011001
01110101010101010101010101011101110101010101010101010101010101110101011101010101010101011101010101011101010101010101010101110101010101010111010101011101010101010101010111010101010101110101010101010101010101111101010101010101010101010101110101110101010101010101010101010101011101010101010101010101010101111101010101010101010101011101010101010111010101010101010101110101010111010101010101011101010101010101010101110101010101110101010101010101110101011101010101010101010101010101011101110101010101010101010101011101
10011101101110011001110110011001100110011011100110011101100110011001100110111001100111011001100110011001101110011001110110011001100110011011100110011101100110011001100110111001100111011001100110011001101110011001110110011001100110011011100110011101101110011001110110111001100111011001100110011001101110011001110110011001100110011011100110011101100110011001100110111001100111011001100110011001101110011001110110011001100110011011100110011101100110011001100110111001100111011001100110011001101110011001110110111001
01010101010111010111010101010101010111010101011111010101010101010101010111010101010101110101010101010101011101010101110101010101010111010101011101010101011101010101011101010101010101011101010111010101010101010101010101010111011101010101010101010101010111010111010101010101010101010101110111010101010101010101010101010111010101110101010101010101110101010101110101010101110101010111010101010101011101010101110101010101010101011101010101010111010101010101010101010111110101010111010101010101010111010111010101010101
01110110011011100111011001100110011001100110111001110110011011100110011001101110011101100110011001100110011011100111011001101110011101100110111001110110011001100110011001101110011101100110011001100110011011100111011001100110011001100110111001110110011011100111011001101110011101100110011001100110011011100111011001100110011001100110111001110110011001100110011001101110011101100110111001110110011011100111011001100110011001100110111001110110011001100110011001101110011101100110011001100110011011100111011001101110
11101010101010101010101010101011101110101110101010101010101011101010111010101011101010101011101010101011101011101010101011101010101110101110101010101011101010101010101010111010101011101010101010101010101011101011101010101010101011101010101111101010101010101010101010101011111010101011101010101010101011101011101010101010101010101011101010101110101010101010101011101010101010111010111010101011101010101010101011101010101011101010101011101010101110101011101010101010101010111010111011101010101010101010101010101011
01101110011001100110111001110110011011100111011001100110011101100110111001100110011011100111011001101110011101100110011001110110011011100110011001101110011101100110111001110110011001100111011001101110011001100110111001110110011011100110011001100110011101100110111001100110011001100111011001101110011101100110011001110110011011100110011001101110011101100110111001110110011001100111011001101110011001100110111001110110011011100111011001100110011101100110111001100110011011100111011001101110011101100110011001110110
01010111010111010111010101010101010101010101011111010101010101010111010111010101010101110101010111010101011101010101110101010101010111010101011101010101011101010101011101011101010101011101010111010101011101010101010101010111011101011101010101010101010111010111010101010101010101110101110111010101010101010101110101010111010101110101010101110101110101010101110101010101110101010111010101010101011101010101110101010111010101011101010101010111010111010101010101010111110101010101010101010101010111010111010111010101
01100111111001100110011101100110011001101110011001100111111001100110011111100110011001111110011001100110111001100110011111100110011001111110011001100111011001100110011111100110011001111110011001100111111001100110011101100110011001101110011001100111111001100110011111100110011001110110011001100110111001100110011111100110011001111110011001100111111001100110011011100110011001111110011001100111111001100110011101100110011001101110011001100111111001100110011111100110011001110110011001100110111001100110011111100110
10101010111010101010101110101110101010101011101010101110101010111010101110101110101110101110101010101010101010111110101010111010111010101010101010101110101010111011101010101010101010111010111010101110101010101110101010111010101010111010111010111010111010101010101110101110101110101110101010101110101010111010101010111010101110101110101010101010101011101110101010111010101010101010101110101110101010111110101010101010101010111010111010111010101010101110101010111010101011101010101010111010111010101010101110101010
11011001100110111101100110011011110110011001101110011001100110111101100110011001110110011001101111011001100110111101100110011011110110011001101111011001100110111101100110011011100110011001101111011001100110011101100110011011110110011001101111011001100110111101100110011011110110011001101111011001100110111001100110011011110110011001100111011001100110111101100110011011110110011001101111011001100110111101100110011011110110011001101110011001100110111101100110011001110110011001101111011001100110111101100110011011
10111010111010101010101110101110101010101011101010101110101010111010101010101110101110101110101010101110101010111110101010111010111010101010101010101110101010111011101011101010101010111010111010101110101010111110101010111010101010111010101010111010111010101010101110101110101010101110101010101110101010111110101010111010101110101110101010101011101011101110101010111010101010101010101110101110101010111110101010111010101010111010111010111010101010101110101010111010101011101010101010111010111010101010101110101110
10111001100111011011100110011101101110011001110110111001100111011011100110011101101110011001110110111001100111011011100110011101101110011001110110111001100110011011100110011101101110011001110110111001100111011011100110011101101110011001110110111001100111011011100110011101101110011001110110111001100111011011100110011101101110011001110110111001100111011001100110011101101110011001110110111001100111011011100110011101101110011001110110111001100111011011100110011101101110011001110110111001100111011011100110011101
01110101110101010101011101011101110101010111010101011101010101110101011101011101011101011101010101011101010101111101010101110101010101010111010101011101010101110111010111010101010101110101110101011101010101111101010101110101010101110101110101110101110101010101011101011101011101011101010101011101010101111101010101110101011101011101010101010111010111011101010101110101010111010101010101011101010101111101010101110101010101110101110101110101110101011101010101110101010111010101011101110101110101010101011101011101
10011011110110011001101111011001100110111101100110011011110110011101101111011001100110111101100110011011110110011001101111011001100110111101100110011011110110011001101111011001100110111101101110011011110110011001101111011001100110111101100110011011110110011001101111011001100110111101100110011011110110011001101111011001100110111101100110011011110110011001101111011001100110111101100110011011110110011001101111011001100110111101100110011011110110111001101111011001100110111101100110011011110110011001101111011001
01110101110101010101011101011101110101010111010101011101010101110101011101011101011101011101010101011101010101111101010101110101110101010111010101011101010101110111010111010101110101110101110101011101010101111101010101110101010101110101110101110101110101010101011101011101011101011101010101011101010101111101010101110101011101011101011101010111010111011101010101110101010111010101011101011101010101111101010101110101010101110101110101110101110101011101010101110101010111010101011101110101110101010101011101011101
11011001100110111101100110011011110110111001101111011001100110111101100110011011110110011101101111011001100110111101100110011011110110011001101111011001100110111101100110011011110110011001101111011001100110111101100111011011110110011001101111011001100110111101100110011011110110011001101111011011100110111101100110011011110110011001101111011001110110111101100110011011110110011001101111011001100110111101100110011011110110111001101111011001100110111101100110011011110110011101101111011001100110111101100110011011
10111110101010111110101010111010101010111010111010111010111010101110101010111010101011101010101110111110111010101010101110101110101010111010111010111010111010101010111011101011111010101011101010111010111010111010101110101110111010101011101010101110101010111110101010111010101011101010101110111010111010101110101110101110101011101010101111101011101110101010101110101110101110101110101010111010111010101010101110111110111010101011101010101110101010111010101110101110101110101110101010101110101010111110101010111110
01101110011101100110111001110110011111100111011001101110011101100110111001110110011011100111111001111110011101100110111001110110011011100111011001101110011111100111111001110110011011100111011001101110011101100110111001111110011011100111011001101110011101100110111001110110011011100111011001111110011101100110111001110110011011100111011001101110011111100111111001110110011011100111011001101110011101100110111001111110011111100111011001101110011101100110111001110110011011100111111001111110011101100110111001110110
11010101011111010101110101010111011101011101011101010111010111010101110111010111110101010111010101010111010111010111010111010101011111011101010101010111010111011101011101110101010111010101011101010111010111010111010111010101011111010101011111010101011101010101110101010111110101010111110101010111010111010111010111010101110101010111010101011101110101110111010111010101010101110111110101010111010111010111010111010101010111010101011111010111011101010111010111010101110101110101110111010101011101010111110101010111
01101110011101100110111001111110011111100111011001101110011101100110111001110110011011100111111001111110011101100110111001110110011011100111011001101110011111100111111001110110011011100111011001111110011101100110111001111110011111100111011001101110011101100110111001110110011011100111111001111110011101100110111001111110011011100111011001101110011111100111111001110110011011100111011001101110011101100110111001111110011111100111011001101110011101100110111001110110011011100111111001111110011101100110111001110110
11101010101111101010111010101011101110101110101110101011101011101010111011101011111010111011101010101011101111101011101011101010101111101110101010101011101011101110101110111010101011101010101111101011101011101011101011101010101111101010101111101010101110101010111010101011111010101011111010101011101011101011101011101011111010101011101010101110111010111011101011101010101010111011111010101011101011101011111011101010101011101110101111101011101110101011101011101010111010111010111011101010101110101011111010101011
11100110111001111110011101100111111001100110011111100111011001111110011011100111111001100110011111100110111001111110011101100111111001101110011111100111011001111110011001100111111001110110011111100110111001111110011001100111111001101110011111100111011001111110011011100111111001110110011111100110011001111110011101100111111001101110011111100110011001111110011001100111111001110110011111100110111001111110011101100111111001100110011111100111011001111110011011100111111001100110011111100110111001111110011101100111
01110101110101010101011101111101110101110111010101011101110101111101011101011101011101011101011101011101010101111101010101111101110101010111110101111101010101110111010111010101110101110101110101011101010101111101011101110101010101110111110101111101110101010101011101111101011111011101010101011101110101111101010101110101011101011101011101010111010111011101010101111101011111010101011101111101010101111101010101110101110101110101110101110101110101011101011101110101010111011101011101111101110101010101011101011101
11011001110110111101101110011011110110011101101111011011100110111101100111011011110110111001101111011001100110111101101110011011110110011101101111011001100110111101100111011011110110111001101111011001110110111101101110011011110110011101101111011011100110111101100111011011110110111001101111011001110110111101101110011011110110011101101111011011100110111101100110011011110110111001101111011001110110111101100110011011110110011101101111011011100110111101100111011011110110111001101111011001110110111101101110011011
11010111010111010111010111010111010111010101011111010101011111010111110111010101010101110111110111010111011101010101110111010111010111010101011111010111011101010101011101111101011111011101010111010101011111010111110101010111011101011101011111010111010111010111010111010111110101110101110111010101011111010111110101010111010101110111110101111101110101010101110111010111110101010111010111010111011101010101110111010111011111011101010101010111011111010111110101010111110101010111010111010111010111010111010111010111
10011011110110111101101111011001100110111101101111011011110110011101101111011011110110111101100110011011110110111101101111011001100110111101101111011011110110011001101111011011110110111101100110011011110110111101101111011001100110111101101111011011110110011001101111011011110110111101100110011011110110111101101111011001100110111101101111011011110110011001101111011011110110111101100110011011110110111101101111011001100110111101101111011011110110011001101111011011110110111101100110011011110110111101101111011001
10111110111010101010101110111110111010111011101010101110111010111110101110101110101110101110101110111110101010111110101010111110111010101011111010111110101010111011101011101011111010111010111010101110111010111110101110111010101010111011111010111110111010101010101110111110101111101110101010101110111010111110101110111010101110101110101111101011101011101110101010111110101111101010101110111110111010111110101010111110111010111010111010111010111010111110101110111010101011101110101110111110111010101010101110111110
01100111111001111110011111100110111001111110011111100111111001100110011111100111111001111110011101100111111001111110011111100110011001111110011111100111111001101110011111100111111001111110011001100111111001111110011111100111011001111110011111100111111001100110011111100111111001111110011011100111111001111110011111100110011001111110011111100111111001110110011111100111111001111110011001100111111001111110011111100110011001111110011111100111111001100110011111100111111001111110011101100111111001111110011111100110
01111101010101111101010101111101110101110101110101111101110101111101011101110101010111011101011101111101110101010101011101111101010101110111110101111101110101110101110111010111110101110111010101110101110101111101011101011101110101010111110101111101110101111101011101111101011111010101011101110101110101111101011101011101010111011101011111010111011101011101011101111101011111011101010101111101110101010101011101111101110101110111010101011101110101111101011101111101011101011101011101111101010101111101010101111101
11011011110110011001101111011011110110111101101110011011110110111101101111011001110110111101101111011011110110111001101111011011110110111101100111011011110110111101101111011011100110111101101111011011110110011101101111011011110110111101100110011011110110111101101111011001100110111101101111011011110110111001101111011011110110111101100111011011110110111101101111011011100110111101101111011011110110011101101111011011110110111101101110011011110110111101101111011001110110111101101111011011110110011001101111011011
11010111011111010111010111010111011111010101011111010101011111010111110111010101010101110111110111010111011111010101110111010111010111011101011111010111011101011101011101111101011111011101010111010111011111010111110101010111011111011101011111010111010111010111010111010111110101110111110111010101011111010111110111010111010101110111110101111101110101110101110111010111110101110111010111010111011101010111110111010111011111011101010111010111011111010111110101010111110101010111110111010111010111010111110111010111
11011011100110111101101111011011110110111101101111011001110110111101101110011011110110111101101111011011110110111101100111011011110110111001101111011011110110111101101111011011110110011101101111011011100110111101101111011011110110111101101111011001110110111101101110011011110110111101101111011011110110111101100111011011110110111001101111011011110110111101101111011011110110111101101111011011100110111101101111011011110110111101101111011001110110111101101110011011110110111101101111011011110110111101100111011011
01111101110101111101011101110101110101110111110101111101110101011101011101111101011111010101011101111101110101111101011101011101110101110111110101110101110101110111110111010111110101010111110101111101110101110101011101111101110101110111110101011101110101111101011101110101011111011101011101111101110101011101011101111101011111010101011111010111011111011101011101011101011111011101011101110101110101111101011101111101110101010111110101111101110101110101011101111101011111011101011101011101110101111101011101111101
10011101101111011011110110111101101111011011110110111101101110011001110110111101101111011011110110111101101111011011110110111101101111011011110110111101101111011011110110111101101111011011100110011101101111011011110110111101101111011011110110111101101111011011110110111101101111011011110110111101101111011011110110111001100111011011110110111101101111011011110110111101101111011011110110111101101111011011110110111101101111011011110110111101101110011001110110111101101111011011110110111101101111011011110110111001
11010111011111010111110111010111011101011101011111010111011111010101110111010111110101110111110101010111011111010111110111010111011111011101010111010111011111011101011101111101011111011101011111010111011111010111110111010111011111010101011111010111011111010111110111010111110101010111110111010111011111010111110111010111110101110111110101111101110101110111110111010111010101110111110111010111011111010111110111010101011111011101011111010111011101010111110111010111110101110101110111010111011111010111110111010111
11011011110110011101101111011011110110111101101111011011110110111101101111011011110110111101101111011011110110111101101111011011110110111101101111011011110110111101101111011011110110111101101111011011110110111101101111011011110110111101101110011011110110111101101111011001110110111101101111011011110110111101101111011011110110111101101111011011110110111101101111011011100110111101101111011011110110111101101111011011110110111101101111011011110110111101101111011011110110111101101111011011110110111001101111011011
10111110101010111110101110111110111010111011111010111110111010111110101110111110101111101110101110111110111010101110101110111110111010111011111010111110111010111011111011101011111010111011111010111010111010111110101110111110111010111011111010111110111010111110101110111110101111101110101110111110111010111110101110101110101111101110101111101011101111101110101110111110101111101110101110111110111010111010101110111110111010111011111010111110111010111110101110111110101111101110101110111110111010111110101010111110
11100111111001111110011111100111111001111110011111100111111001111110011111100111111001111110011111100111111001111110011111100111111001111110011111100111111001111110011111100111111001111110011111100111111001111110011111100111111001111110011111100111111001111110011111100111111001111110011111100111111001111110011111100111111001111110011111100111111001111110011111100111111001111110011111100111111001111110011111100111111001111110011111100111111001111110011111100111111001111110011111100111111001111110011111100111
11010111011111010111110111010111011111011101011111010111011111010111110111010111110101110111110111010111011111010111110111010111011111011101011111010111011111011101011101111101011111011101011111010111011111010111110111010111011111011101011111010111011111010111110111010111110101110111110111010111011111010111110111010111110101110111110101111101110101110111110111010111110101110111110111010111011111010111110111010111011111011101011111010111011111010111110111010111110101110111110111010111011111010111110111010111
10111101101111011011110110111101101111011111110110111101101111011011110110111101101111011011110110111101101111011011110110111101101111011011110110111101101111011011110110111101101111011011110110111101101111011011111110111101101111011011110110111101101111011011110110111101101111011011110110111101111111011011110110111101101111011011110110111101101111011011110110111101101111011011110110111101101111011011110110111101101111011111110110111101101111011011110110111101101111111011110110111101101111011011110110111101
11010111011111010111110111010111011111011101011111010111011111010111110111010111110111110111110111010111011111010111110111010111011111011101011111010111011111011101011101111101011111011101011111010111011111010111110111010111011111011101011111010111011111111111110111010111110101110111110111010111011111010111110111010111110101110111110101111101110101110111110111010111110101110111110111010111011111010111110111010111011111011111011111010111011111010111110111011111110101110111110111010111011111010111110111010111
01111110011111100111111001111110011111110111111001111110011111100111111001111110011111101111111001111111011111100111111001111110011111100111111001111110011111100111111101111110011111100111111001111110011111100111111011111110011111100111111001111110011111100111111001111110011111100111111001111111011111100111111001111110011111100111111001111110111111100111111101111110011111100111111001111110011111100111111011111110011111110111111001111110011111100111111001111110011111101111111001111110011111100111111001111110
01111101110101111101011101111101110101110111110111111101110101111101011101111101011111111101011101111101110101111101011101111101110101110111110101111101111101110111110111010111110101110111110101111101110101111101011101111111110101110111110101111101110111111111011101111101011111011101011111111101110101111101011101111101011111011101011111010111011111011101111101111101011111011101011101111101110101111101011101111101110101111111110101111101110101111101011101111111011111011101011101111101110101111101011101111101
11101111111001111110011111100111111001111110011111100111111001111110111111100111111001111110011111100111111001111110011111110111111011111110011111100111111001111110011111100111111001111111011111101111111001111110011111100111111001111110011111100111111101111110111111100111111001111110011111100111111001111110011111110111111011111110011111100111111001111110011111100111111001111111011111101111111001111110011111100111111001111110011111100111111101111110111111100111111001111110011111100111111001111110011111110111
11101011101111101011111111101011101111101110101111101111101111101011111011101011111110111011111011101011101111101111111011101011101111101110101111101011101111111110101110111110101111101110101111101011101111101011111011111011101111101110101111101011111111101011111111101011111010111011111011101111101111101011111011101011111110111011111010111110111010111111111011101011111010111011111011101011101111111011111011101011101111101110111111101011101111101011111011111011111010111011111011101011111111101011111011101011
11110111111001111110011111100111111001111110011111100111111011111111011111100111111001111110111111100111111001111110011111101111111101111110011111100111111001111111011111100111111001111110111111110111111001111110011111100111111001111110011111100111111011111111011111100111111001111110011111100111111001111110011111101111111101111110011111100111111011111110011111100111111001111110111111110111111001111110011111100111111101111110011111100111111011111111011111100111111001111110011111100111111001111110011111101111
11101011101111101111111011101011101111101110101111111011101111101011111011111011111011111011111011101011101111101011111111101011101111101110101111101011111111101110101110111110101111101111101111101011101111101011111011101111111111101110101111101011101111111111111011101011111010111011111111111011101111101011111011101011111011111011111010111110111010111011111111101011111010111011111011101011111111101011111011101011101111101111101111101111101111101011111011101111111010111011111011101011101111111011111011101011
11111110011111100111111001111111111111100111111001111110011111110111111001111110011111100111111111111110011111100111111001111111111111100111111001111110011111111111111001111110011111100111111001111110011111100111111001111111111111100111111001111110011111111111111001111110011111100111111111111110011111100111111001111110011111100111111001111110011111111111111001111110011111100111111111111110011111100111111001111111111111100111111001111110011111101111111001111110011111100111111111111110011111100111111001111111
11011111011111010111110111110111011111111101011111010111111111011111110111010111110101110111111111110111011111010111110111010111011111011101111111110111011111011101011101111111011111011101011111010111111111010111110111010111011111011111011111011111011111010111110111110111110111110111110111010111011111010111111111010111110101110111110111111101110101110111110111011111111101110111110111010111011111010111110111011111111111011101011111010111011111110111111111010111110101111111110111011111011111010111110111110111
11100111111011111111011111100111111001111110111111110111111001111110011111101111111101111110011111100111111011111111011111100111111001111110111111110111111001111110011111101111111101111110011111100111111011111111011111100111111001111110111111110111111001111110011111101111111101111110011111100111111011111110011111100111111001111110111111110111111001111110011111101111111101111110011111100111111011111111011111100111111001111110111111110111111001111110011111101111111101111110011111100111111011111111011111100111
11011111011111010111110111110111011111111101011111010111111111011111110111010111110101110111111111110111011111010111110111011111011111011101111111110111011111011101011101111101111111011101011111010111111111010111111111010111011111011111011111011111011111010111110111110111110111110111110111010111111111010111111111010111110101110111111101111101110101110111110111011111111101110111110111110111011111010111110111011111111111011101011111010111011111110111111111010111110101111111110111011111011111010111110111110111
11100111111101111110111111100111111001111111011111101111111001111110011111110111111011111110011111100111111101111110111111110111111011111111011111101111111001111110011111110111111011111110011111100111111101111110111111100111111001111111011111101111111001111110011111110111111011111110011111100111111101111110111111100111111001111111011111101111111001111110011111110111111011111111011111101111111101111110111111100111111001111111011111101111111001111110011111110111111011111110011111100111111101111110111111100111
11010111111111010111111111011111011111011111011111011111011111010111110111011111111101110111110111010111011111111111110111010111111111011101011111010111011111111111011101111101011111111101111111011111011111010111110111110111011111111101011111010111111111010111111111010111110101111111110111011111011111010111110111110111111101111111110101111101110111111111110111010111110101110111111111010111011111111111110111010111011111011101111111110111011111010111110111110111110111110111110111110111111111010111111111010111
11011111111110111101101111111011110111111101101111011011111110111101111111011011110110111111101111011111110110111101111111111011110111111111101111011011111110111101111111011011110110111111101111011111110110111101101111111011110111111101101111011111111110111101111111111011110110111111101111011111110110111101101111111011110111111111101111011011111110111101111111011011110111111111101111011111111110111101101111111011110111111101101111011011111110111101111111011011110110111111101111011111110110111101111111111011
01111111110101111101011111111101110111110111111101111101111101111111011111111101011111011101111111111101110101111101011101111111110111110111111111111101110101110111110111011111111101110111110101111101111101111101111101111101111101111111110101111111110101111101011111111101011111111101111101111101111101111101111101111101011111011101111111110111011111011101011101111111111111011111011111111101110101111101011101111111111101110111110101111111110111111101111101111101111111011111011101111111110101111111011111111101
10111111111111011011111110111101101111011111110110111111111111011011111111111101101111111011110110111101111111011011111111111101101111111111110110111111101111011011110111111101101111111011110110111111111111011011111110111101101111011111110110111111111111011011111111111101101111111011110110111101111111011011111111111101101111011111110110111111101111011011110111111101101111111111110110111111111111011011111110111101101111011111110110111111111111011011111111111101101111111011110110111101111111011011111111111101
11101011111111101011111111101111101111101111101111101111101111111011111011101111111110111111111011101011101111111111111011111011111111101110101111101011101111111111101110111110101111111110111111101111101111101111111011111011101111111110101111111011111111101011111111101111111010111111111011101111101111111011111011111011111110111111111010111110111011111111111011101011111010111011111111101111101111111111111011101011101111111110111111111011101111101111111011111011111011111011111011111011111111101011111111101011
11101111111001111110111111110111111011111111011111100111111101111110111111110111111011111111011111101111111101111110011111110111111011111110011111101111111101111110111111110111111011111111011111101111111001111110111111110111111011111111011111100111111101111110111111100111111011111111011111101111111101111110011111110111111011111111011111101111111101111110111111110111111001111111011111101111111001111110111111110111111011111111011111100111111101111110111111100111111011111111011111101111111101111110011111110111
11011111011111011111110111110111011111111101011111110111111111011111110111010111110111110111111111110111111111010111111111011111011111011101111111110111111111011101011101111111111111011111011111010111111111010111111111011111011111011111011111011111011111111111110111110111110111110111110111110111111111010111111111011111110111110111111111111101110101110111111111011111111101110111110111110111111111010111111111011111111111011111011111010111011111110111111111011111110101111111110111011111011111110111110111110111
10111111111111011011111111111101101111111111110110111101111111011011111110111101101111111111110110111111111111011011111111111101101111111111110110111111111111011011111111111101101111011111110110111111111111011011111111111101101111111111110110111111111111011011111111111101101111111111110110111111111111011011110111111101101111111011110110111111111111011011111111111101101111111111110110111111111111011011111111111101101111111111110110111101111111011011111110111101101111111111110110111111111111011011111111111101
11111011111111101011111011101111111111101111101111101111101111111011111111101111111110111111111011101111101111111011111011111011111111101111101111101111101111111111101111111110101111111110101111101111101111111111111011101011101111111110111111111011111111101011111111101111111110111111111011101011101111111111111011111011111010111111111010111111111011111111111011111011111011111011111111101111101111101111111011111011101111111110111111111011111111101111111011111011111011111011111111111011101111101011111111101111
01111111111111100111111111111110011111111111111001111111111111100111111111111110011111101111111001111111111111100111111111111110011111111111111001111111111111100111111101111110011111111111111001111111111111100111111111111110011111111111111001111111111111100111111111111110011111111111111001111111111111100111111111111110011111111111111001111110111111100111111111111110011111111111111001111111111111100111111111111110011111111111111001111111111111100111111111111110011111111111111001111111111111100111111111111110
10111111111010111111101111111110111011111011111111111110111110111111101111111110101111111110111111111110111110111110111110111111111011111011111111111110111110111011111011101111111110111111111011111110111110111110111110111111111110111111111010111111111011111111101111111110101111111110111111111110111110111110111110111111101111111110111111111011111111101110111110111111111111101111101111111110111110111110111110111111111110111111111010111111111011111110111110111111111111101111101110111111111011111110101111111110
11111110011111111111111011111111111111100111111111111110011111111111111001111111111111100111111111111110011111111111111001111111111111100111111111111110011111111111111001111111111111100111111111111110011111111111111001111111111111110111111111111110011111111111111001111111111111101111111111111110011111111111111001111111111111100111111111111110011111111111111001111111111111100111111111111110011111111111111001111111111111100111111111111110011111111111111001111111111111100111111111111110011111111111111001111111
11101111101111111111111011111011101111111110111111111011111111101111111011111011111011111011111111111011111111101011111111101111101111111110111111111011111111101110111110111111111111101111111111111011111111101011111111101111111111101111101111101111101111111111111011111011111011111011111111111011111111101011111111101111111111111011111111111110111110111011111111101111111110111111111011111011111111101011111111101111111111101111101111101111101111111011111111101111111110111111111011101111101111111111111011111011
11110111111011111111011111101111111111111110111111110111111011111111011111101111111101111111111111110111111011111111011111101111111101111110111111110111111011111111111111101111111101111110111111110111111011111111011111111111111101111110111111110111111011111111011111101111111101111110111111111111111011111111011111101111111101111110111111110111111111111111011111101111111101111110111111110111111011111111011111101111111111111110111111110111111011111111011111101111111101111111111111110111111011111111011111101111
11110111111111010111111111111111111111011111011111011111011111110111111111011111111101111111110111011111011111111111110111110111111111011111011111011111011111111111011111111101111111111101111111011111011111111111111111110111011111111101111111110111111111010111111111011111111101111111110111011111111111111111110111110111111101111111111101111111110111111111110111110111110111110111111111111111011111111111110111110111011111111101111111110111111111011111110111110111110111110111111111111111111111010111111111011111
01111111111111110111111111111110011111111111111001111111111111100111111111111111011111111111111001111111111111101111111111111110011111111111111101111111111111100111111111111110111111111111111001111111111111100111111111111110011111111111111011111111111111100111111111111111011111111111111001111111111111100111111111111110011111111111111101111111111111100111111111111110111111111111111001111111111111110111111111111110011111111111111011111111111111100111111111111111011111111111111001111111111111101111111111111110
11111111111011111111101111111110111111111011111111111110111110111111111111111110101111111110111111111111111110111110111110111111111011111011111111111110111110111011111111111111111110111111111011111110111111111110111110111111111110111111111110111111111011111111101111111110111111111110111111111110111110111111111110111111101111111110111111111111111111101110111110111111111111101111101111111110111110111110111111111111111110111111111010111111111111111110111110111111111111101111101110111111111011111111101111111111
11111111111110111101111111111111111111111111101111011111111110111101111111111011110111111111111111111111111110111101111111111011110111111111101111011111111111111111111111111011110111111111101111011111111110111101111111111111111111111111101111011111111110111101111111111011110111111111111111111111111110111101111111111011110111111111101111011111111111111111111111111011110111111111101111011111111110111101111111111111111111111111101111011111111110111101111111111011110111111111111111111111111110111101111111111111
11111011111111101111111111101111111111101111101111111111101111111011111111101111111111111111111011101111101111111111111111111011111111111111101111101111111111111111101111111110101111111111111111101111101111111111111011111111101111111110111111111011111111111111111111101111111110111111111011111111101111111111111011111011111111111111111010111111111011111111111111111011111011111111111111101111111111111111111011111011101111111111111111111011111111101111111011111111111011111011111111111011111111111011111111101111
11111110111111111111111001111111111111101111111111111111011111111111111011111111111111110111111111111110011111111111111101111111111111101111111111111110011111111111111011111111111111110111111111111110111111111111111001111111111111100111111111111111011111111111111011111111111111100111111111111110111111111111111101111111111111101111111111111111011111111111111001111111111111110111111111111110111111111111111001111111111111101111111111111111011111111111111011111111111111110111111111111110011111111111111101111111
11111111110111111111011111111111110111110111111111111101111111111111011111111101011111111111111111111111111101111101111111111111110111110111111111111111111101110111111111111111111111111111110111111101111111111111111101111111111101111111110111111111110111111111011111111111011111111101111111111101111111111111111101111111011111111111111111110111111111011101111111111111111111011111011111111111111101111101111111111111111111111111110101111111110111111111111101111111111111011111011111111111110111111111011111111111
11111111111111011011111111111111111111111111110110111111111111111111111111111101101111111111111110111111111111011011111111111111111111111111110110111111111111011111111111111101101111111111111111111111111111011011111111111111111111111111110110111111111111111111111111111101101111111111111111111111111111011011111111111111111111111111110110111111111111111011111111111101101111111111111111111111111111011011111111111101111111111111110110111111111111111111111111111101101111111111111111111111111111011011111111111111
11111111111110111110111111111111111111111111111010111111111111111111111110111111111111101111111110111111111011111111101111111111111110111111111111111111111011111111111011111111111111111011111110111111111011111111111111111110111011111111111111111111111110111110111111111111111111111111101110111111111111111111101111111110111111101111111111111111101111111111101111111111111111111110111111111111111011111111101111111110111111111011111111111110111111111111111111111110101111111111111111111111111110111110111111111111
11111110111111111111111101111111111111101111111111111111011111111111111011111111111111110111111111111110111111111111111101111111111111101111111111111111011111111111111011111111111111110111111111111110111111111111111101111111111111101111111111111111011111111111111011111111111111110111111111111110111111111111111101111111111111101111111111111111011111111111111011111111111111110111111111111110111111111111111101111111111111101111111111111111111111111111111011111111111111110111111111111110111111111111111101111111
11111111011111111111110111111111111111111101111111110111111111111111111111110111110111111111111111111111111111010111111111111111011111111111111111111111111111011101111111111111111111111111011111110111111111111111111111011111111111011111111111111111011111111111110111111111111111110111111111110111111111111111111111011111110111111111111111111111111101110111111111111111111111111111110111111111111111011111111111111111111111111111011111011111111111111111111111011111111101111111111111111111011111111111110111111111
11111111111111111111110111111111111111111011111111111101111111111111111110111111111111011111111111111111101111111111110111111111111111111111111111111101111111111111111110111111111111011111111111111111101111111111110111111111111111111011111111111111111111111111111111111111111111011111111111111111101111111111110111111111111111111011111111111101111111111111111110111111111111111111111111111111111111111111110111111111111111111011111111111101111111111111111110111111111111011111111111111111101111111111111111111111
11111011111111111111111111101111111111101111111111111111111111111011111111111111111111111111111011101111111111111111111111111011111111111111101111111111111111111111111111111110101111111111111111111111101111111111111011111111111111111110111111111111111111111111111111111111111110111111111111111111101111111111111011111111111111111111111010111111111111111111111111111111111011111111111111101111111111111111111111111011111111111111111111111111111111101111111111111111111111111011111111111011111111111111111111101111
11101111111111111111111111111111111111111111111111111111111101111110111111111111111111111111011111111111111111111111111111110111111011111111111111111111111111111110111111111111111111111111011111101111111111111111111111111111111111111111111111111111111101111110111111111111111111111111111111111111111111111111111111110111111011111111111111111111111101111111111111111111111111111111011111101111111111111111111111111111111011111111111111111111111101111110111111111111111111111111111111111111111111111111111111110111
10111111111111111111111111111110111111111111111111111111111110111111111111111111111111111110111111111111111111111111111110111111111111111111111111111110111111111111111111101111111110111111111111111111111110111110111111111111111111111111111110111111111111111111111111111110111111111111111111111111111110111111111111111111111111111110111111111011111111111111111110111111111111111111111111111110111111111111111111111111111110111111111111111111111111111110111111111111111111111111111110111111111111111111111111111110
11111111111111111111101111111111111111111101111111111111111111111111111111111111111110111111111111111111110111111111111111111111111111111111111111111011111111111111111111011111111111111111111111111111111111111111101111111111111111111101111111111111111111111111111111111111111110111111111111111111110111111111111111111111111111111111111111111011111111111111111111011111111111111111111111111111111111111111101111111111111111111101111111111111111111111111111111111111111110111111111111111111110111111111111111111111
11111011111111111111111111111111111111101111111111111111111111111011111111111111111111111111111111101111111111111111111111111111111111111111101111111111111111111111111111111110111111111111111111111111101111111111111111111111111111111110111111111111111111111111111111111111111110111111111111111111111111111111111011111111111111111111111110111111111111111111111111111111111011111111111111111111111111111111111111111011111111111111111111111111111111101111111111111111111111111011111111111111111111111111111111101111
11111110111111111111111111111111111111111111111111111111111111111111111111111111111111111111111111111111111111111111111101111111111111101111111111111111111111111111111111111111111111111111111111111110111111111111111111111111111111111111111111111111011111111111111011111111111111111111111111111111111111111111111101111111111111111111111111111111111111111111111111111111111111110111111111111110111111111111111111111111111111111111111111111111111111111111111111111111111111111111111111111111111111111111111101111111
11111111111111111111111111101111111111111111111111111111101111111111111111111111111111111111111111111111111111111111111111111011111111111111111111111111111111111111111111111111101111111111111111111111111111111111111011111111111111111111111111111111111111111111111111111111111111111111111111111111101111111111111111111111111111111111111011111111111111111111111111111111111111111111111111101111111111111111111111111111111111111111111111111111111111111111111011111111111111111111111111111011111111111111111111111111
11111111111111111111111111111111111111111111111111111111111111111111111111111111111111111111111111111111111111101111111111111111111111111111111101111111111111111111111111111111111111111111111111111111111111111111111111111111111111111111111011111111111111111111111111111111111111111111111111111111111111111111111111111111111111111111111111111111111111111111111111111110111111111111111111111111111111110111111111111111111111111111111111111111111111111111111111111111111111111111111111111111111111111111111111111111
11111111111111111111111111111111111111111111111111011111111111111111111111111111111111111111111111111111111111111111111111111111111111111111111111111111011111111111111111111111111111111111111111111111111111111111111111111111111111111111111111111111111111011111111111111111111111111111111111111111111111111111111111111111111111111111111111111111111111111111110111111111111111111111111111111111111111111111111111111111111111111111111111111111111111111111111111110111111111111111111111111111111111111111111111111111
11111111111111111111111111111111111111111111111111111111111111111111111111111111111111111111111111111111111111111111111111111111111111111111111111111111111111111111111111111111111111111111111111111111111111111111111111111111111111111111111111111111111111111111111111111111111111111111111111111111111111111111111111111111111111111111111111111111111111111111111111111111111111111111111111111111111111111111111111111111111111111111111111111111111111111111111111111111111111111111111111111111111111111111111111111111
11111111111111111111111111111111111111111111111111111111111111111111111111111111111111111111111111111111111111111111111111111111111111111111111111111111111111111111111111111111111111111111111111111111111111111111111111111111111111111111111111111111111111111111111111111111111111111111111111111111111111111111111111111111111111111111111111111111111111111111111111111111111111111111111111111111111111111111111111111111111111111111111111111111111111111111111111111111111111111111111111111111111111111111111111111111
